name,price,sku,link
,"₨3,580.00",,https://ziaulquran.com/shop/?add-to-cart=16919
,₨250.00,,https://ziaulquran.com/shop/?add-to-cart=10394
,₨170.00,,https://ziaulquran.com/shop/?add-to-cart=10395
,"₨1,050.00",,https://ziaulquran.com/shop/?add-to-cart=10400
,"₨1,325.00",,https://ziaulquran.com/shop/?add-to-cart=10402
,"₨1,425.00",,https://ziaulquran.com/shop/?add-to-cart=10404
,"₨1,235.00",,https://ziaulquran.com/shop/?add-to-cart=10405
,"₨1,325.00",,https://ziaulquran.com/shop/?add-to-cart=10406
,"₨1,425.00",,https://ziaulquran.com/shop/?add-to-cart=10407
,"₨1,900.00",,https://ziaulquran.com/shop/?add-to-cart=10408
,₨140.00,,https://ziaulquran.com/shop/?add-to-cart=10410
,₨90.00,,https://ziaulquran.com/shop/?add-to-cart=10412
,₨225.00,,https://ziaulquran.com/shop/?add-to-cart=10414
,₨500.00,,https://ziaulquran.com/shop/?add-to-cart=10417
,₨330.00,,https://ziaulquran.com/shop/?add-to-cart=10419
,₨550.00,,https://ziaulquran.com/shop/?add-to-cart=10424
,,,https://ziaulquran.com/product/quran-majeed-in-15-lines-without-translation/
,,,https://ziaulquran.com/product/16919/
,,,https://ziaulquran.com/product/quran-majeed-in-12-lines/
,₨285.00,,https://ziaulquran.com/shop/page/2/?add-to-cart=10426
,"₨1,025.00",,https://ziaulquran.com/shop/page/2/?add-to-cart=9280
,₨65.00,,https://ziaulquran.com/shop/page/2/?add-to-cart=10429
,₨450.00,,https://ziaulquran.com/shop/page/2/?add-to-cart=10432
,₨430.00,,https://ziaulquran.com/shop/page/2/?add-to-cart=10434
,₨120.00,,https://ziaulquran.com/shop/page/2/?add-to-cart=10436
,₨200.00,,https://ziaulquran.com/shop/page/2/?add-to-cart=10437
,₨200.00,,https://ziaulquran.com/shop/page/2/?add-to-cart=10438
,₨200.00,,https://ziaulquran.com/shop/page/2/?add-to-cart=11859
,₨260.00,,https://ziaulquran.com/shop/page/2/?add-to-cart=10439
,₨200.00,,https://ziaulquran.com/shop/page/2/?add-to-cart=10440
,₨550.00,,https://ziaulquran.com/shop/page/2/?add-to-cart=10443
,"₨2,100.00",,https://ziaulquran.com/shop/page/2/?add-to-cart=10445
,₨230.00,,https://ziaulquran.com/shop/page/2/?add-to-cart=10447
,"₨4,300.00",,https://ziaulquran.com/shop/page/2/?add-to-cart=10449
,₨470.00,,https://ziaulquran.com/shop/page/2/?add-to-cart=10452
,,,https://ziaulquran.com/product/quran-majeed-in-15-lines-without-translation/
,,,https://ziaulquran.com/product/16919/
,,,https://ziaulquran.com/product/quran-majeed-in-12-lines/
,₨260.00,,https://ziaulquran.com/shop/page/3/?add-to-cart=10460
,₨270.00,,https://ziaulquran.com/shop/page/3/?add-to-cart=10454
,₨120.00,,https://ziaulquran.com/shop/page/3/?add-to-cart=10456
,₨450.00,,https://ziaulquran.com/shop/page/3/?add-to-cart=10640
,₨120.00,,https://ziaulquran.com/shop/page/3/?add-to-cart=10458
,₨55.00,,https://ziaulquran.com/shop/page/3/?add-to-cart=10463
,₨90.00,,https://ziaulquran.com/shop/page/3/?add-to-cart=10465
,₨800.00,,https://ziaulquran.com/shop/page/3/?add-to-cart=10466
,"₨1,330.00",,https://ziaulquran.com/shop/page/3/?add-to-cart=10467
,₨340.00,,https://ziaulquran.com/shop/page/3/?add-to-cart=10470
,₨620.00,,https://ziaulquran.com/shop/page/3/?add-to-cart=10472
,₨750.00,,https://ziaulquran.com/shop/page/3/?add-to-cart=10474
,₨360.00,,https://ziaulquran.com/shop/page/3/?add-to-cart=10476
,₨920.00,,https://ziaulquran.com/shop/page/3/?add-to-cart=10477
,₨450.00,,https://ziaulquran.com/shop/page/3/?add-to-cart=10479
,₨150.00,,https://ziaulquran.com/shop/page/3/?add-to-cart=10481
,,,https://ziaulquran.com/product/quran-majeed-in-15-lines-without-translation/
,,,https://ziaulquran.com/product/16919/
,,,https://ziaulquran.com/product/quran-majeed-in-12-lines/
,₨670.00,,https://ziaulquran.com/shop/page/4/?add-to-cart=10483
,₨290.00,,https://ziaulquran.com/shop/page/4/?add-to-cart=10485
,₨236.00,,https://ziaulquran.com/shop/page/4/?add-to-cart=10487
,₨125.00,,https://ziaulquran.com/shop/page/4/?add-to-cart=10489
,₨130.00,,https://ziaulquran.com/shop/page/4/?add-to-cart=10491
,₨138.00,,https://ziaulquran.com/shop/page/4/?add-to-cart=9362
,₨138.00,,https://ziaulquran.com/shop/page/4/?add-to-cart=9364
,₨450.00,,https://ziaulquran.com/shop/page/4/?add-to-cart=11141
,₨435.00,,https://ziaulquran.com/shop/page/4/?add-to-cart=9273
,₨70.00,,https://ziaulquran.com/shop/page/4/?add-to-cart=10492
,₨270.00,,https://ziaulquran.com/shop/page/4/?add-to-cart=10494
,₨230.00,,https://ziaulquran.com/shop/page/4/?add-to-cart=10496
,₨45.00,,https://ziaulquran.com/shop/page/4/?add-to-cart=10498
,₨90.00,,https://ziaulquran.com/shop/page/4/?add-to-cart=10500
,₨180.00,,https://ziaulquran.com/shop/page/4/?add-to-cart=11860
,₨65.00,,https://ziaulquran.com/shop/page/4/?add-to-cart=10502
,,,https://ziaulquran.com/product/quran-majeed-in-15-lines-without-translation/
,,,https://ziaulquran.com/product/16919/
,,,https://ziaulquran.com/product/quran-majeed-in-12-lines/
,"₨5,100.00",,https://ziaulquran.com/shop/page/5/?add-to-cart=10505
,₨600.00,,https://ziaulquran.com/shop/page/5/?add-to-cart=10507
,₨350.00,,https://ziaulquran.com/shop/page/5/?add-to-cart=10509
,₨80.00,,https://ziaulquran.com/shop/page/5/?add-to-cart=10511
,₨500.00,,https://ziaulquran.com/shop/page/5/?add-to-cart=10513
,₨320.00,,https://ziaulquran.com/shop/page/5/?add-to-cart=10515
,₨150.00,,https://ziaulquran.com/shop/page/5/?add-to-cart=10517
,₨55.00,,https://ziaulquran.com/shop/page/5/?add-to-cart=10519
,₨35.00,,https://ziaulquran.com/shop/page/5/?add-to-cart=10521
,₨975.00,,https://ziaulquran.com/shop/page/5/?add-to-cart=10523
,₨500.00,,https://ziaulquran.com/shop/page/5/?add-to-cart=10525
,₨900.00,,https://ziaulquran.com/shop/page/5/?add-to-cart=16450
,₨35.00,,https://ziaulquran.com/shop/page/5/?add-to-cart=10527
,₨120.00,,https://ziaulquran.com/shop/page/5/?add-to-cart=10530
,₨100.00,,https://ziaulquran.com/shop/page/5/?add-to-cart=10533
,₨470.00,,https://ziaulquran.com/shop/page/5/?add-to-cart=10535
,,,https://ziaulquran.com/product/quran-majeed-in-15-lines-without-translation/
,,,https://ziaulquran.com/product/16919/
,,,https://ziaulquran.com/product/quran-majeed-in-12-lines/
,₨220.00,,https://ziaulquran.com/shop/page/6/?add-to-cart=10537
,₨150.00,,https://ziaulquran.com/shop/page/6/?add-to-cart=11157
,₨370.00,,https://ziaulquran.com/shop/page/6/?add-to-cart=10539
,₨80.00,,https://ziaulquran.com/shop/page/6/?add-to-cart=10543
,₨640.00,,https://ziaulquran.com/shop/page/6/?add-to-cart=10545
,₨210.00,,https://ziaulquran.com/shop/page/6/?add-to-cart=10547
,₨90.00,,https://ziaulquran.com/shop/page/6/?add-to-cart=11109
,₨80.00,,https://ziaulquran.com/shop/page/6/?add-to-cart=9378
,₨150.00,,https://ziaulquran.com/shop/page/6/?add-to-cart=10550
,"₨5,000.00",,https://ziaulquran.com/shop/page/6/?add-to-cart=10552
,₨825.00,,https://ziaulquran.com/shop/page/6/?add-to-cart=11861
,₨90.00,,https://ziaulquran.com/shop/page/6/?add-to-cart=10560
,"₨2,850.00",,https://ziaulquran.com/shop/page/6/?add-to-cart=8947
,₨670.00,,https://ziaulquran.com/shop/page/6/?add-to-cart=10562
,₨252.00,,https://ziaulquran.com/shop/page/6/?add-to-cart=10564
,"₨2,450.00",,https://ziaulquran.com/shop/page/6/?add-to-cart=8923
,,,https://ziaulquran.com/product/quran-majeed-in-15-lines-without-translation/
,,,https://ziaulquran.com/product/16919/
,,,https://ziaulquran.com/product/quran-majeed-in-12-lines/
,"₨3,300.00",,https://ziaulquran.com/shop/page/7/?add-to-cart=8925
,"₨2,400.00",,https://ziaulquran.com/shop/page/7/?add-to-cart=8927
,"₨5,990.00",,https://ziaulquran.com/shop/page/7/?add-to-cart=8929
,"₨3,100.00",,https://ziaulquran.com/shop/page/7/?add-to-cart=8932
,"₨3,650.00",,https://ziaulquran.com/shop/page/7/?add-to-cart=8933
,"₨4,225.00",,https://ziaulquran.com/shop/page/7/?add-to-cart=8934
,"₨3,050.00",,https://ziaulquran.com/shop/page/7/?add-to-cart=8936
,"₨6,100.00",,https://ziaulquran.com/shop/page/7/?add-to-cart=8938
,"₨1,500.00",,https://ziaulquran.com/shop/page/7/?add-to-cart=8978
,₨915.00,,https://ziaulquran.com/shop/page/7/?add-to-cart=8980
,"₨2,000.00",,https://ziaulquran.com/shop/page/7/?add-to-cart=9167
,"₨1,960.00",,https://ziaulquran.com/shop/page/7/?add-to-cart=9168
,₨960.00,,https://ziaulquran.com/shop/page/7/?add-to-cart=11862
,"₨2,550.00",,https://ziaulquran.com/shop/page/7/?add-to-cart=10566
,"₨36,000.00",,https://ziaulquran.com/shop/page/7/?add-to-cart=10570
,₨200.00,,https://ziaulquran.com/shop/page/7/?add-to-cart=10573
,,,https://ziaulquran.com/product/quran-majeed-in-15-lines-without-translation/
,,,https://ziaulquran.com/product/16919/
,,,https://ziaulquran.com/product/quran-majeed-in-12-lines/
,"₨1,130.00",,https://ziaulquran.com/shop/page/8/?add-to-cart=10575
,"₨1,130.00",,https://ziaulquran.com/shop/page/8/?add-to-cart=11863
,₨90.00,,https://ziaulquran.com/shop/page/8/?add-to-cart=10578
,₨80.00,,https://ziaulquran.com/shop/page/8/?add-to-cart=9366
,"₨1,000.00",,https://ziaulquran.com/shop/page/8/?add-to-cart=10580
,₨250.00,,https://ziaulquran.com/shop/page/8/?add-to-cart=10582
,₨390.00,,https://ziaulquran.com/shop/page/8/?add-to-cart=10585
,₨330.00,,https://ziaulquran.com/shop/page/8/?add-to-cart=10587
,₨85.00,,https://ziaulquran.com/shop/page/8/?add-to-cart=10589
,₨390.00,,https://ziaulquran.com/shop/page/8/?add-to-cart=10591
,₨550.00,,https://ziaulquran.com/shop/page/8/?add-to-cart=10593
,₨115.00,,https://ziaulquran.com/shop/page/8/?add-to-cart=10600
,₨200.00,,https://ziaulquran.com/shop/page/8/?add-to-cart=10602
,₨300.00,,https://ziaulquran.com/shop/page/8/?add-to-cart=10604
,₨275.00,,https://ziaulquran.com/shop/page/8/?add-to-cart=10605
,₨420.00,,https://ziaulquran.com/shop/page/8/?add-to-cart=11119
,,,https://ziaulquran.com/product/quran-majeed-in-15-lines-without-translation/
,,,https://ziaulquran.com/product/16919/
,,,https://ziaulquran.com/product/quran-majeed-in-12-lines/
,₨100.00,,https://ziaulquran.com/shop/page/9/?add-to-cart=10607
,₨230.00,,https://ziaulquran.com/shop/page/9/?add-to-cart=10609
,₨180.00,,https://ziaulquran.com/shop/page/9/?add-to-cart=10611
,₨260.00,,https://ziaulquran.com/shop/page/9/?add-to-cart=10613
,₨520.00,,https://ziaulquran.com/shop/page/9/?add-to-cart=10616
,₨240.00,,https://ziaulquran.com/shop/page/9/?add-to-cart=10619
,₨250.00,,https://ziaulquran.com/shop/page/9/?add-to-cart=10621
,₨340.00,,https://ziaulquran.com/shop/page/9/?add-to-cart=10623
,₨120.00,,https://ziaulquran.com/shop/page/9/?add-to-cart=10625
,₨170.00,,https://ziaulquran.com/shop/page/9/?add-to-cart=10627
,₨90.00,,https://ziaulquran.com/shop/page/9/?add-to-cart=10629
,"₨1,130.00",,https://ziaulquran.com/shop/page/9/?add-to-cart=10632
,₨370.00,,https://ziaulquran.com/shop/page/9/?add-to-cart=10635
,₨80.00,,https://ziaulquran.com/shop/page/9/?add-to-cart=10637
,₨200.00,,https://ziaulquran.com/shop/page/9/?add-to-cart=10642
,₨900.00,,https://ziaulquran.com/shop/page/9/?add-to-cart=10644
,,,https://ziaulquran.com/product/quran-majeed-in-15-lines-without-translation/
,,,https://ziaulquran.com/product/16919/
,,,https://ziaulquran.com/product/quran-majeed-in-12-lines/
,₨350.00,,https://ziaulquran.com/shop/page/10/?add-to-cart=10646
,₨300.00,,https://ziaulquran.com/shop/page/10/?add-to-cart=10648
,₨180.00,,https://ziaulquran.com/shop/page/10/?add-to-cart=10649
,₨260.00,,https://ziaulquran.com/shop/page/10/?add-to-cart=10651
,"₨1,300.00",,https://ziaulquran.com/shop/page/10/?add-to-cart=10653
,₨800.00,,https://ziaulquran.com/shop/page/10/?add-to-cart=10655
,₨90.00,,https://ziaulquran.com/shop/page/10/?add-to-cart=11108
,₨115.00,,https://ziaulquran.com/shop/page/10/?add-to-cart=10657
,₨270.00,,https://ziaulquran.com/shop/page/10/?add-to-cart=10659
,"₨1,700.00",,https://ziaulquran.com/shop/page/10/?add-to-cart=11104
,"₨1,050.00",,https://ziaulquran.com/shop/page/10/?add-to-cart=11143
,₨160.00,,https://ziaulquran.com/shop/page/10/?add-to-cart=10661
,₨180.00,,https://ziaulquran.com/shop/page/10/?add-to-cart=10663
,₨600.00,,https://ziaulquran.com/shop/page/10/?add-to-cart=10665
,₨110.00,,https://ziaulquran.com/shop/page/10/?add-to-cart=10667
,"₨1,350.00",,https://ziaulquran.com/shop/page/10/?add-to-cart=10669
,,,https://ziaulquran.com/product/quran-majeed-in-15-lines-without-translation/
,,,https://ziaulquran.com/product/16919/
,,,https://ziaulquran.com/product/quran-majeed-in-12-lines/
,₨770.00,,https://ziaulquran.com/shop/page/11/?add-to-cart=10671
,₨100.00,,https://ziaulquran.com/shop/page/11/?add-to-cart=10674
,"₨1,050.00",,https://ziaulquran.com/shop/page/11/?add-to-cart=9032
,"₨1,300.00",,https://ziaulquran.com/shop/page/11/?add-to-cart=9034
,"₨1,325.00",,https://ziaulquran.com/shop/page/11/?add-to-cart=9092
,"₨1,600.00",,https://ziaulquran.com/shop/page/11/?add-to-cart=9094
,₨810.00,,https://ziaulquran.com/shop/page/11/?add-to-cart=9097
,₨470.00,,https://ziaulquran.com/shop/page/11/?add-to-cart=10676
,"₨5,450.00",,https://ziaulquran.com/shop/page/11/?add-to-cart=10678
,₨800.00,,https://ziaulquran.com/shop/page/11/?add-to-cart=10680
,₨850.00,,https://ziaulquran.com/shop/page/11/?add-to-cart=11864
,₨210.00,,https://ziaulquran.com/shop/page/11/?add-to-cart=10684
,₨220.00,,https://ziaulquran.com/shop/page/11/?add-to-cart=10686
,₨250.00,,https://ziaulquran.com/shop/page/11/?add-to-cart=10688
,"₨1,990.00",,https://ziaulquran.com/shop/page/11/?add-to-cart=9088
,"₨1,875.00",,https://ziaulquran.com/shop/page/11/?add-to-cart=9165
,,,https://ziaulquran.com/product/quran-majeed-in-15-lines-without-translation/
,,,https://ziaulquran.com/product/16919/
,,,https://ziaulquran.com/product/quran-majeed-in-12-lines/
,"₨1,590.00",,https://ziaulquran.com/shop/page/12/?add-to-cart=9166
,₨925.00,,https://ziaulquran.com/shop/page/12/?add-to-cart=9041
,₨935.00,,https://ziaulquran.com/shop/page/12/?add-to-cart=9043
,"₨1,990.00",,https://ziaulquran.com/shop/page/12/?add-to-cart=9045
,"₨1,250.00",,https://ziaulquran.com/shop/page/12/?add-to-cart=9048
,"₨1,590.00",,https://ziaulquran.com/shop/page/12/?add-to-cart=9049
,"₨1,975.00",,https://ziaulquran.com/shop/page/12/?add-to-cart=9050
,"₨1,450.00",,https://ziaulquran.com/shop/page/12/?add-to-cart=9053
,"₨2,100.00",,https://ziaulquran.com/shop/page/12/?add-to-cart=9055
,"₨5,325.00",,https://ziaulquran.com/shop/page/12/?add-to-cart=9057
,"₨5,690.00",,https://ziaulquran.com/shop/page/12/?add-to-cart=9059
,"₨3,685.00",,https://ziaulquran.com/shop/page/12/?add-to-cart=9060
,"₨3,090.00",,https://ziaulquran.com/shop/page/12/?add-to-cart=9062
,"₨1,450.00",,https://ziaulquran.com/shop/page/12/?add-to-cart=9064
,"₨1,850.00",,https://ziaulquran.com/shop/page/12/?add-to-cart=9065
,"₨2,630.00",,https://ziaulquran.com/shop/page/12/?add-to-cart=9066
,,,https://ziaulquran.com/product/quran-majeed-in-15-lines-without-translation/
,,,https://ziaulquran.com/product/16919/
,,,https://ziaulquran.com/product/quran-majeed-in-12-lines/
,"₨3,090.00",,https://ziaulquran.com/shop/page/13/?add-to-cart=9067
,"₨1,775.00",,https://ziaulquran.com/shop/page/13/?add-to-cart=9068
,"₨5,325.00",,https://ziaulquran.com/shop/page/13/?add-to-cart=9069
,"₨3,450.00",,https://ziaulquran.com/shop/page/13/?add-to-cart=9077
,"₨2,125.00",,https://ziaulquran.com/shop/page/13/?add-to-cart=9080
,"₨2,525.00",,https://ziaulquran.com/shop/page/13/?add-to-cart=9082
,"₨2,500.00",,https://ziaulquran.com/shop/page/13/?add-to-cart=9084
,"₨5,700.00",,https://ziaulquran.com/shop/page/13/?add-to-cart=9086
,"₨2,790.00",,https://ziaulquran.com/shop/page/13/?add-to-cart=9206
,"₨4,390.00",,https://ziaulquran.com/shop/page/13/?add-to-cart=9215
,₨90.00,,https://ziaulquran.com/shop/page/13/?add-to-cart=10689
,"₨1,150.00",,https://ziaulquran.com/shop/page/13/?add-to-cart=10691
,"₨1,550.00",,https://ziaulquran.com/shop/page/13/?add-to-cart=10693
,₨390.00,,https://ziaulquran.com/shop/page/13/?add-to-cart=10695
,"₨2,650.00",,https://ziaulquran.com/shop/page/13/?add-to-cart=10710
,₨90.00,,https://ziaulquran.com/shop/page/13/?add-to-cart=10697
,,,https://ziaulquran.com/product/quran-majeed-in-15-lines-without-translation/
,,,https://ziaulquran.com/product/16919/
,,,https://ziaulquran.com/product/quran-majeed-in-12-lines/
,"₨1,075.00",,https://ziaulquran.com/shop/page/14/?add-to-cart=9131
,"₨1,460.00",,https://ziaulquran.com/shop/page/14/?add-to-cart=9100
,"₨1,800.00",,https://ziaulquran.com/shop/page/14/?add-to-cart=9105
,"₨2,120.00",,https://ziaulquran.com/shop/page/14/?add-to-cart=9109
,"₨2,120.00",,https://ziaulquran.com/shop/page/14/?add-to-cart=9110
,"₨3,250.00",,https://ziaulquran.com/shop/page/14/?add-to-cart=9112
,"₨2,565.00",,https://ziaulquran.com/shop/page/14/?add-to-cart=9114
,"₨3,725.00",,https://ziaulquran.com/shop/page/14/?add-to-cart=9115
,"₨3,065.00",,https://ziaulquran.com/shop/page/14/?add-to-cart=9117
,"₨3,050.00",,https://ziaulquran.com/shop/page/14/?add-to-cart=9119
,"₨3,090.00",,https://ziaulquran.com/shop/page/14/?add-to-cart=9121
,"₨5,900.00",,https://ziaulquran.com/shop/page/14/?add-to-cart=9125
,"₨4,490.00",,https://ziaulquran.com/shop/page/14/?add-to-cart=9126
,"₨2,175.00",,https://ziaulquran.com/shop/page/14/?add-to-cart=9129
,"₨1,375.00",,https://ziaulquran.com/shop/page/14/?add-to-cart=9133
,"₨1,675.00",,https://ziaulquran.com/shop/page/14/?add-to-cart=9135
,,,https://ziaulquran.com/product/quran-majeed-in-15-lines-without-translation/
,,,https://ziaulquran.com/product/16919/
,,,https://ziaulquran.com/product/quran-majeed-in-12-lines/
,"₨1,100.00",,https://ziaulquran.com/shop/page/15/?add-to-cart=10700
,"₨1,400.00",,https://ziaulquran.com/shop/page/15/?add-to-cart=10702
,₨950.00,,https://ziaulquran.com/shop/page/15/?add-to-cart=10704
,₨90.00,,https://ziaulquran.com/shop/page/15/?add-to-cart=10706
,₨460.00,,https://ziaulquran.com/shop/page/15/?add-to-cart=10708
,₨330.00,,https://ziaulquran.com/shop/page/15/?add-to-cart=10712
,₨55.00,,https://ziaulquran.com/shop/page/15/?add-to-cart=10714
,₨30.00,,https://ziaulquran.com/shop/page/15/?add-to-cart=10715
,₨490.00,,https://ziaulquran.com/shop/page/15/?add-to-cart=10718
,₨450.00,,https://ziaulquran.com/shop/page/15/?add-to-cart=10720
,"₨1,150.00",,https://ziaulquran.com/shop/page/15/?add-to-cart=11865
,"₨1,075.00",,https://ziaulquran.com/shop/page/15/?add-to-cart=11866
,₨180.00,,https://ziaulquran.com/shop/page/15/?add-to-cart=10726
,"₨4,200.00",,https://ziaulquran.com/shop/page/15/?add-to-cart=10728
,₨340.00,,https://ziaulquran.com/shop/page/15/?add-to-cart=10730
,₨500.00,,https://ziaulquran.com/shop/page/15/?add-to-cart=10732
,,,https://ziaulquran.com/product/quran-majeed-in-15-lines-without-translation/
,,,https://ziaulquran.com/product/16919/
,,,https://ziaulquran.com/product/quran-majeed-in-12-lines/
,₨700.00,,https://ziaulquran.com/shop/page/16/?add-to-cart=9282
,₨900.00,,https://ziaulquran.com/shop/page/16/?add-to-cart=9284
,"₨1,200.00",,https://ziaulquran.com/shop/page/16/?add-to-cart=9285
,₨350.00,,https://ziaulquran.com/shop/page/16/?add-to-cart=10734
,₨675.00,,https://ziaulquran.com/shop/page/16/?add-to-cart=9269
,₨700.00,,https://ziaulquran.com/shop/page/16/?add-to-cart=9277
,"₨1,190.00",,https://ziaulquran.com/shop/page/16/?add-to-cart=9279
,₨625.00,,https://ziaulquran.com/shop/page/16/?add-to-cart=9264
,₨200.00,,https://ziaulquran.com/shop/page/16/?add-to-cart=10736
,₨210.00,,https://ziaulquran.com/shop/page/16/?add-to-cart=10738
,₨380.00,,https://ziaulquran.com/shop/page/16/?add-to-cart=10740
,₨75.00,,https://ziaulquran.com/shop/page/16/?add-to-cart=9372
,"₨1,950.00",,https://ziaulquran.com/shop/page/16/?add-to-cart=10742
,₨180.00,,https://ziaulquran.com/shop/page/16/?add-to-cart=10778
,₨600.00,,https://ziaulquran.com/shop/page/16/?add-to-cart=11867
,"₨2,800.00",,https://ziaulquran.com/shop/page/16/?add-to-cart=10744
,,,https://ziaulquran.com/product/quran-majeed-in-15-lines-without-translation/
,,,https://ziaulquran.com/product/16919/
,,,https://ziaulquran.com/product/quran-majeed-in-12-lines/
,₨280.00,,https://ziaulquran.com/shop/page/17/?add-to-cart=11124
,₨320.00,,https://ziaulquran.com/shop/page/17/?add-to-cart=11125
,₨80.00,,https://ziaulquran.com/shop/page/17/?add-to-cart=10747
,₨80.00,,https://ziaulquran.com/shop/page/17/?add-to-cart=10749
,₨100.00,,https://ziaulquran.com/shop/page/17/?add-to-cart=10751
,₨140.00,,https://ziaulquran.com/shop/page/17/?add-to-cart=11868
,₨50.00,,https://ziaulquran.com/shop/page/17/?add-to-cart=10753
,₨160.00,,https://ziaulquran.com/shop/page/17/?add-to-cart=10755
,₨65.00,,https://ziaulquran.com/shop/page/17/?add-to-cart=10757
,₨185.00,,https://ziaulquran.com/shop/page/17/?add-to-cart=10758
,₨160.00,,https://ziaulquran.com/shop/page/17/?add-to-cart=10761
,"₨4,500.00",,https://ziaulquran.com/shop/page/17/?add-to-cart=10764
,₨140.00,,https://ziaulquran.com/shop/page/17/?add-to-cart=10765
,₨500.00,,https://ziaulquran.com/shop/page/17/?add-to-cart=10766
,"₨3,000.00",,https://ziaulquran.com/shop/page/17/?add-to-cart=10768
,₨500.00,,https://ziaulquran.com/shop/page/17/?add-to-cart=11869
,,,https://ziaulquran.com/product/quran-majeed-in-15-lines-without-translation/
,,,https://ziaulquran.com/product/16919/
,,,https://ziaulquran.com/product/quran-majeed-in-12-lines/
,"₨1,380.00",,https://ziaulquran.com/shop/page/18/?add-to-cart=10772
,₨175.00,,https://ziaulquran.com/shop/page/18/?add-to-cart=10773
,"₨2,500.00",,https://ziaulquran.com/shop/page/18/?add-to-cart=10775
,₨610.00,,https://ziaulquran.com/shop/page/18/?add-to-cart=10780
,₨280.00,,https://ziaulquran.com/shop/page/18/?add-to-cart=10782
,₨370.00,,https://ziaulquran.com/shop/page/18/?add-to-cart=10784
,₨370.00,,https://ziaulquran.com/shop/page/18/?add-to-cart=10786
,₨500.00,,https://ziaulquran.com/shop/page/18/?add-to-cart=10788
,₨140.00,,https://ziaulquran.com/shop/page/18/?add-to-cart=10790
,"₨1,200.00",,https://ziaulquran.com/shop/page/18/?add-to-cart=11870
,₨100.00,,https://ziaulquran.com/shop/page/18/?add-to-cart=10792
,"₨2,945.00",,https://ziaulquran.com/shop/page/18/?add-to-cart=10793
,"₨3,125.00",,https://ziaulquran.com/shop/page/18/?add-to-cart=10794
,"₨2,945.00",,https://ziaulquran.com/shop/page/18/?add-to-cart=10795
,"₨2,990.00",,https://ziaulquran.com/shop/page/18/?add-to-cart=10796
,"₨3,075.00",,https://ziaulquran.com/shop/page/18/?add-to-cart=10797
,,,https://ziaulquran.com/product/quran-majeed-in-15-lines-without-translation/
,,,https://ziaulquran.com/product/16919/
,,,https://ziaulquran.com/product/quran-majeed-in-12-lines/
,"₨3,375.00",,https://ziaulquran.com/shop/page/19/?add-to-cart=10798
,"₨3,250.00",,https://ziaulquran.com/shop/page/19/?add-to-cart=10799
,"₨3,400.00",,https://ziaulquran.com/shop/page/19/?add-to-cart=10801
,"₨2,950.00",,https://ziaulquran.com/shop/page/19/?add-to-cart=10802
,₨28.00,,https://ziaulquran.com/shop/page/19/?add-to-cart=9384
,₨24.00,,https://ziaulquran.com/shop/page/19/?add-to-cart=9386
,₨90.00,,https://ziaulquran.com/shop/page/19/?add-to-cart=10805
,"₨1,400.00",,https://ziaulquran.com/shop/page/19/?add-to-cart=10807
,₨65.00,,https://ziaulquran.com/shop/page/19/?add-to-cart=9382
,₨110.00,,https://ziaulquran.com/shop/page/19/?add-to-cart=9388
,₨350.00,,https://ziaulquran.com/shop/page/19/?add-to-cart=10809
,"₨1,100.00",,https://ziaulquran.com/shop/page/19/?add-to-cart=10811
,₨350.00,,https://ziaulquran.com/shop/page/19/?add-to-cart=10815
,₨500.00,,https://ziaulquran.com/shop/page/19/?add-to-cart=10813
,₨220.00,,https://ziaulquran.com/shop/page/19/?add-to-cart=10817
,₨180.00,,https://ziaulquran.com/shop/page/19/?add-to-cart=10819
,,,https://ziaulquran.com/product/quran-majeed-in-15-lines-without-translation/
,,,https://ziaulquran.com/product/16919/
,,,https://ziaulquran.com/product/quran-majeed-in-12-lines/
,₨580.00,,https://ziaulquran.com/shop/page/20/?add-to-cart=10821
,"₨4,390.00",,https://ziaulquran.com/shop/page/20/?add-to-cart=9162
,₨30.00,,https://ziaulquran.com/shop/page/20/?add-to-cart=9303
,₨42.00,,https://ziaulquran.com/shop/page/20/?add-to-cart=9304
,₨200.00,,https://ziaulquran.com/shop/page/20/?add-to-cart=10822
,₨325.00,,https://ziaulquran.com/shop/page/20/?add-to-cart=10824
,₨40.00,,https://ziaulquran.com/shop/page/20/?add-to-cart=10826
,"₨1,095.00",,https://ziaulquran.com/shop/page/20/?add-to-cart=10828
,₨95.00,,https://ziaulquran.com/shop/page/20/?add-to-cart=11150
,₨340.00,,https://ziaulquran.com/shop/page/20/?add-to-cart=10830
,₨380.00,,https://ziaulquran.com/shop/page/20/?add-to-cart=10833
,₨160.00,,https://ziaulquran.com/shop/page/20/?add-to-cart=9290
,₨240.00,,https://ziaulquran.com/shop/page/20/?add-to-cart=9291
,₨260.00,,https://ziaulquran.com/shop/page/20/?add-to-cart=9295
,₨60.00,,https://ziaulquran.com/shop/page/20/?add-to-cart=9297
,₨65.00,,https://ziaulquran.com/shop/page/20/?add-to-cart=9298
,,,https://ziaulquran.com/product/quran-majeed-in-15-lines-without-translation/
,,,https://ziaulquran.com/product/16919/
,,,https://ziaulquran.com/product/quran-majeed-in-12-lines/
,₨100.00,,https://ziaulquran.com/shop/page/21/?add-to-cart=9300
,₨500.00,,https://ziaulquran.com/shop/page/21/?add-to-cart=9302
,₨210.00,,https://ziaulquran.com/shop/page/21/?add-to-cart=9293
,₨500.00,,https://ziaulquran.com/shop/page/21/?add-to-cart=10835
,₨55.00,,https://ziaulquran.com/shop/page/21/?add-to-cart=9374
,₨75.00,,https://ziaulquran.com/shop/page/21/?add-to-cart=9376
,₨65.00,,https://ziaulquran.com/shop/page/21/?add-to-cart=9380
,₨160.00,,https://ziaulquran.com/shop/page/21/?add-to-cart=10837
,₨280.00,,https://ziaulquran.com/shop/page/21/?add-to-cart=10839
,₨45.00,,https://ziaulquran.com/shop/page/21/?add-to-cart=10841
,₨750.00,,https://ziaulquran.com/shop/page/21/?add-to-cart=10842
,"₨2,830.00",,https://ziaulquran.com/shop/page/21/?add-to-cart=10843
,₨150.00,,https://ziaulquran.com/shop/page/21/?add-to-cart=10846
,₨225.00,,https://ziaulquran.com/shop/page/21/?add-to-cart=10847
,₨90.00,,https://ziaulquran.com/shop/page/21/?add-to-cart=10848
,₨150.00,,https://ziaulquran.com/shop/page/21/?add-to-cart=10849
,,,https://ziaulquran.com/product/quran-majeed-in-15-lines-without-translation/
,,,https://ziaulquran.com/product/16919/
,,,https://ziaulquran.com/product/quran-majeed-in-12-lines/
,"₨1,000.00",,https://ziaulquran.com/shop/page/22/?add-to-cart=8915
,"₨1,370.00",,https://ziaulquran.com/shop/page/22/?add-to-cart=8917
,"₨1,490.00",,https://ziaulquran.com/shop/page/22/?add-to-cart=8919
,"₨2,000.00",,https://ziaulquran.com/shop/page/22/?add-to-cart=8921
,"₨1,845.00",,https://ziaulquran.com/shop/page/22/?add-to-cart=8949
,₨800.00,,https://ziaulquran.com/shop/page/22/?add-to-cart=8951
,₨990.00,,https://ziaulquran.com/shop/page/22/?add-to-cart=8953
,"₨1,100.00",,https://ziaulquran.com/shop/page/22/?add-to-cart=8955
,"₨1,340.00",,https://ziaulquran.com/shop/page/22/?add-to-cart=8958
,₨540.00,,https://ziaulquran.com/shop/page/22/?add-to-cart=8969
,₨655.00,,https://ziaulquran.com/shop/page/22/?add-to-cart=8971
,₨635.00,,https://ziaulquran.com/shop/page/22/?add-to-cart=8973
,₨725.00,,https://ziaulquran.com/shop/page/22/?add-to-cart=8975
,₨480.00,,https://ziaulquran.com/shop/page/22/?add-to-cart=8988
,₨655.00,,https://ziaulquran.com/shop/page/22/?add-to-cart=8993
,₨470.00,,https://ziaulquran.com/shop/page/22/?add-to-cart=8995
,,,https://ziaulquran.com/product/quran-majeed-in-15-lines-without-translation/
,,,https://ziaulquran.com/product/16919/
,,,https://ziaulquran.com/product/quran-majeed-in-12-lines/
,₨635.00,,https://ziaulquran.com/shop/page/23/?add-to-cart=8997
,₨350.00,,https://ziaulquran.com/shop/page/23/?add-to-cart=10852
,₨700.00,,https://ziaulquran.com/shop/page/23/?add-to-cart=10853
,"₨1,760.00",,https://ziaulquran.com/shop/page/23/?add-to-cart=16631
,"₨1,590.00",,https://ziaulquran.com/shop/page/23/?add-to-cart=16923
,₨600.00,,https://ziaulquran.com/shop/page/23/?add-to-cart=10855
,"₨2,100.00",,https://ziaulquran.com/shop/page/23/?add-to-cart=9138
,₨600.00,,https://ziaulquran.com/shop/page/23/?add-to-cart=10856
,₨190.00,,https://ziaulquran.com/shop/page/23/?add-to-cart=10857
,₨40.00,,https://ziaulquran.com/shop/page/23/?add-to-cart=9368
,₨680.00,,https://ziaulquran.com/shop/page/23/?add-to-cart=10859
,₨925.00,,https://ziaulquran.com/shop/page/23/?add-to-cart=10860
,₨650.00,,https://ziaulquran.com/shop/page/23/?add-to-cart=10863
,₨450.00,,https://ziaulquran.com/shop/page/23/?add-to-cart=10865
,₨400.00,,https://ziaulquran.com/shop/page/23/?add-to-cart=11136
,₨250.00,,https://ziaulquran.com/shop/page/23/?add-to-cart=10866
,,,https://ziaulquran.com/product/quran-majeed-in-15-lines-without-translation/
,,,https://ziaulquran.com/product/16919/
,,,https://ziaulquran.com/product/quran-majeed-in-12-lines/
,₨575.00,,https://ziaulquran.com/shop/page/24/?add-to-cart=10867
,₨950.00,,https://ziaulquran.com/shop/page/24/?add-to-cart=10868
,"₨1,990.00",,https://ziaulquran.com/shop/page/24/?add-to-cart=10870
,₨750.00,,https://ziaulquran.com/shop/page/24/?add-to-cart=10872
,₨450.00,,https://ziaulquran.com/shop/page/24/?add-to-cart=10874
,₨50.00,,https://ziaulquran.com/shop/page/24/?add-to-cart=10876
,₨750.00,,https://ziaulquran.com/shop/page/24/?add-to-cart=10877
,₨770.00,,https://ziaulquran.com/shop/page/24/?add-to-cart=10879
,"₨2,750.00",,https://ziaulquran.com/shop/page/24/?add-to-cart=10881
,₨320.00,,https://ziaulquran.com/shop/page/24/?add-to-cart=10883
,₨750.00,,https://ziaulquran.com/shop/page/24/?add-to-cart=10884
,"₨9,275.00",,https://ziaulquran.com/shop/page/24/?add-to-cart=10885
,"₨7,870.00",,https://ziaulquran.com/shop/page/24/?add-to-cart=10887
,₨170.00,,https://ziaulquran.com/shop/page/24/?add-to-cart=10889
,₨190.00,,https://ziaulquran.com/shop/page/24/?add-to-cart=11129
,₨55.00,,https://ziaulquran.com/shop/page/24/?add-to-cart=10891
,,,https://ziaulquran.com/product/quran-majeed-in-15-lines-without-translation/
,,,https://ziaulquran.com/product/16919/
,,,https://ziaulquran.com/product/quran-majeed-in-12-lines/
,"₨1,870.00",,https://ziaulquran.com/shop/page/25/?add-to-cart=10893
,₨200.00,,https://ziaulquran.com/shop/page/25/?add-to-cart=10895
,₨930.00,,https://ziaulquran.com/shop/page/25/?add-to-cart=10897
,₨900.00,,https://ziaulquran.com/shop/page/25/?add-to-cart=10899
,"₨1,100.00",,https://ziaulquran.com/shop/page/25/?add-to-cart=10900
,₨160.00,,https://ziaulquran.com/shop/page/25/?add-to-cart=10902
,₨770.00,,https://ziaulquran.com/shop/page/25/?add-to-cart=10904
,₨340.00,,https://ziaulquran.com/shop/page/25/?add-to-cart=10906
,₨250.00,,https://ziaulquran.com/shop/page/25/?add-to-cart=10908
,₨650.00,,https://ziaulquran.com/shop/page/25/?add-to-cart=11872
,"₨1,550.00",,https://ziaulquran.com/shop/page/25/?add-to-cart=11873
,"₨1,330.00",,https://ziaulquran.com/shop/page/25/?add-to-cart=10910
,"₨2,100.00",,https://ziaulquran.com/shop/page/25/?add-to-cart=10912
,"₨15,000.00",,https://ziaulquran.com/shop/page/25/?add-to-cart=10913
,"₨1,250.00",,https://ziaulquran.com/shop/page/25/?add-to-cart=16282
,"₨1,050.00",,https://ziaulquran.com/shop/page/25/?add-to-cart=10914
,,,https://ziaulquran.com/product/quran-majeed-in-15-lines-without-translation/
,,,https://ziaulquran.com/product/16919/
,,,https://ziaulquran.com/product/quran-majeed-in-12-lines/
,₨200.00,,https://ziaulquran.com/shop/page/26/?add-to-cart=10915
,₨520.00,,https://ziaulquran.com/shop/page/26/?add-to-cart=11147
,₨870.00,,https://ziaulquran.com/shop/page/26/?add-to-cart=10916
,₨850.00,,https://ziaulquran.com/shop/page/26/?add-to-cart=10918
,₨430.00,,https://ziaulquran.com/shop/page/26/?add-to-cart=10920
,₨260.00,,https://ziaulquran.com/shop/page/26/?add-to-cart=10922
,₨190.00,,https://ziaulquran.com/shop/page/26/?add-to-cart=10923
,₨375.00,,https://ziaulquran.com/shop/page/26/?add-to-cart=10926
,₨720.00,,https://ziaulquran.com/shop/page/26/?add-to-cart=10928
,"₨9,000.00",,https://ziaulquran.com/shop/page/26/?add-to-cart=10929
,₨750.00,,https://ziaulquran.com/shop/page/26/?add-to-cart=10930
,"₨1,000.00",,https://ziaulquran.com/shop/page/26/?add-to-cart=10932
,"₨7,800.00",,https://ziaulquran.com/shop/page/26/?add-to-cart=10935
,₨105.00,,https://ziaulquran.com/shop/page/26/?add-to-cart=10937
,,,https://ziaulquran.com/product/sipara-set-with-bold-words-in-12-lines/
,"₨1,775.00",,https://ziaulquran.com/shop/page/26/?add-to-cart=9171
,,,https://ziaulquran.com/product/quran-majeed-in-15-lines-without-translation/
,,,https://ziaulquran.com/product/16919/
,,,https://ziaulquran.com/product/quran-majeed-in-12-lines/
,"₨3,000.00",,https://ziaulquran.com/shop/page/27/?add-to-cart=9173
,"₨3,950.00",,https://ziaulquran.com/shop/page/27/?add-to-cart=9176
,"₨3,725.00",,https://ziaulquran.com/shop/page/27/?add-to-cart=9179
,"₨2,325.00",,https://ziaulquran.com/shop/page/27/?add-to-cart=9181
,"₨3,000.00",,https://ziaulquran.com/shop/page/27/?add-to-cart=9189
,"₨2,450.00",,https://ziaulquran.com/shop/page/27/?add-to-cart=9194
,"₨4,500.00",,https://ziaulquran.com/shop/page/27/?add-to-cart=9198
,₨140.00,,https://ziaulquran.com/shop/page/27/?add-to-cart=9199
,"₨6,200.00",,https://ziaulquran.com/shop/page/27/?add-to-cart=10940
,"₨4,400.00",,https://ziaulquran.com/shop/page/27/?add-to-cart=10942
,"₨6,790.00",,https://ziaulquran.com/shop/page/27/?add-to-cart=10944
,"₨6,530.00",,https://ziaulquran.com/shop/page/27/?add-to-cart=10946
,₨630.00,,https://ziaulquran.com/shop/page/27/?add-to-cart=10947
,"₨5,600.00",,https://ziaulquran.com/shop/page/27/?add-to-cart=11102
,₨720.00,,https://ziaulquran.com/shop/page/27/?add-to-cart=10949
,"₨2,100.00",,https://ziaulquran.com/shop/page/27/?add-to-cart=11101
,,,https://ziaulquran.com/product/quran-majeed-in-15-lines-without-translation/
,,,https://ziaulquran.com/product/16919/
,,,https://ziaulquran.com/product/quran-majeed-in-12-lines/
,₨25.00,,https://ziaulquran.com/shop/page/28/?add-to-cart=9330
,₨25.00,,https://ziaulquran.com/shop/page/28/?add-to-cart=9314
,₨35.00,,https://ziaulquran.com/shop/page/28/?add-to-cart=9344
,₨25.00,,https://ziaulquran.com/shop/page/28/?add-to-cart=9323
,₨35.00,,https://ziaulquran.com/shop/page/28/?add-to-cart=9349
,₨35.00,,https://ziaulquran.com/shop/page/28/?add-to-cart=9348
,₨25.00,,https://ziaulquran.com/shop/page/28/?add-to-cart=9321
,₨40.00,,https://ziaulquran.com/shop/page/28/?add-to-cart=9310
,₨25.00,,https://ziaulquran.com/shop/page/28/?add-to-cart=9320
,₨65.00,,https://ziaulquran.com/shop/page/28/?add-to-cart=9341
,₨35.00,,https://ziaulquran.com/shop/page/28/?add-to-cart=9347
,₨32.00,,https://ziaulquran.com/shop/page/28/?add-to-cart=9337
,₨45.00,,https://ziaulquran.com/shop/page/28/?add-to-cart=9359
,₨30.00,,https://ziaulquran.com/shop/page/28/?add-to-cart=9312
,₨45.00,,https://ziaulquran.com/shop/page/28/?add-to-cart=9342
,₨25.00,,https://ziaulquran.com/shop/page/28/?add-to-cart=9326
,,,https://ziaulquran.com/product/quran-majeed-in-15-lines-without-translation/
,,,https://ziaulquran.com/product/16919/
,,,https://ziaulquran.com/product/quran-majeed-in-12-lines/
,₨35.00,,https://ziaulquran.com/shop/page/29/?add-to-cart=9352
,₨25.00,,https://ziaulquran.com/shop/page/29/?add-to-cart=9329
,₨25.00,,https://ziaulquran.com/shop/page/29/?add-to-cart=9328
,₨35.00,,https://ziaulquran.com/shop/page/29/?add-to-cart=9353
,₨25.00,,https://ziaulquran.com/shop/page/29/?add-to-cart=9339
,₨35.00,,https://ziaulquran.com/shop/page/29/?add-to-cart=9360
,₨25.00,,https://ziaulquran.com/shop/page/29/?add-to-cart=9318
,₨35.00,,https://ziaulquran.com/shop/page/29/?add-to-cart=9346
,₨30.00,,https://ziaulquran.com/shop/page/29/?add-to-cart=9313
,₨45.00,,https://ziaulquran.com/shop/page/29/?add-to-cart=9343
,₨25.00,,https://ziaulquran.com/shop/page/29/?add-to-cart=9325
,₨35.00,,https://ziaulquran.com/shop/page/29/?add-to-cart=9351
,₨25.00,,https://ziaulquran.com/shop/page/29/?add-to-cart=9316
,₨50.00,,https://ziaulquran.com/shop/page/29/?add-to-cart=9371
,₨35.00,,https://ziaulquran.com/shop/page/29/?add-to-cart=9345
,₨40.00,,https://ziaulquran.com/shop/page/29/?add-to-cart=9217
,,,https://ziaulquran.com/product/quran-majeed-in-15-lines-without-translation/
,,,https://ziaulquran.com/product/16919/
,,,https://ziaulquran.com/product/quran-majeed-in-12-lines/
,₨45.00,,https://ziaulquran.com/shop/page/30/?add-to-cart=9221
,₨30.00,,https://ziaulquran.com/shop/page/30/?add-to-cart=9226
,₨30.00,,https://ziaulquran.com/shop/page/30/?add-to-cart=9238
,₨55.00,,https://ziaulquran.com/shop/page/30/?add-to-cart=9242
,₨145.00,,https://ziaulquran.com/shop/page/30/?add-to-cart=9248
,₨60.00,,https://ziaulquran.com/shop/page/30/?add-to-cart=9251
,₨140.00,,https://ziaulquran.com/shop/page/30/?add-to-cart=9255
,₨115.00,,https://ziaulquran.com/shop/page/30/?add-to-cart=9257
,₨115.00,,https://ziaulquran.com/shop/page/30/?add-to-cart=9259
,₨32.00,,https://ziaulquran.com/shop/page/30/?add-to-cart=9332
,₨45.00,,https://ziaulquran.com/shop/page/30/?add-to-cart=9356
,₨40.00,,https://ziaulquran.com/shop/page/30/?add-to-cart=9219
,₨45.00,,https://ziaulquran.com/shop/page/30/?add-to-cart=9223
,₨60.00,,https://ziaulquran.com/shop/page/30/?add-to-cart=9253
,₨40.00,,https://ziaulquran.com/shop/page/30/?add-to-cart=9335
,₨55.00,,https://ziaulquran.com/shop/page/30/?add-to-cart=9358
,,,https://ziaulquran.com/product/quran-majeed-in-15-lines-without-translation/
,,,https://ziaulquran.com/product/16919/
,,,https://ziaulquran.com/product/quran-majeed-in-12-lines/
,₨25.00,,https://ziaulquran.com/shop/page/31/?add-to-cart=9324
,₨35.00,,https://ziaulquran.com/shop/page/31/?add-to-cart=9350
,₨330.00,,https://ziaulquran.com/shop/page/31/?add-to-cart=10951
,₨130.00,,https://ziaulquran.com/shop/page/31/?add-to-cart=10952
,₨790.00,,https://ziaulquran.com/shop/page/31/?add-to-cart=10954
,₨680.00,,https://ziaulquran.com/shop/page/31/?add-to-cart=10956
,₨180.00,,https://ziaulquran.com/shop/page/31/?add-to-cart=10957
,"₨1,475.00",,https://ziaulquran.com/shop/page/31/?add-to-cart=10959
,"₨1,475.00",,https://ziaulquran.com/shop/page/31/?add-to-cart=10960
,"₨1,475.00",,https://ziaulquran.com/shop/page/31/?add-to-cart=10961
,"₨1,475.00",,https://ziaulquran.com/shop/page/31/?add-to-cart=10962
,"₨1,475.00",,https://ziaulquran.com/shop/page/31/?add-to-cart=10963
,"₨1,475.00",,https://ziaulquran.com/shop/page/31/?add-to-cart=10964
,"₨1,475.00",,https://ziaulquran.com/shop/page/31/?add-to-cart=10965
,"₨1,475.00",,https://ziaulquran.com/shop/page/31/?add-to-cart=10966
,"₨1,475.00",,https://ziaulquran.com/shop/page/31/?add-to-cart=10967
,,,https://ziaulquran.com/product/quran-majeed-in-15-lines-without-translation/
,,,https://ziaulquran.com/product/16919/
,,,https://ziaulquran.com/product/quran-majeed-in-12-lines/
,"₨1,475.00",,https://ziaulquran.com/shop/page/32/?add-to-cart=10968
,"₨1,475.00",,https://ziaulquran.com/shop/page/32/?add-to-cart=10724
,"₨1,475.00",,https://ziaulquran.com/shop/page/32/?add-to-cart=10969
,"₨12,200.00",,https://ziaulquran.com/shop/page/32/?add-to-cart=9147
,"₨1,740.00",,https://ziaulquran.com/shop/page/32/?add-to-cart=10970
,"₨1,675.00",,https://ziaulquran.com/shop/page/32/?add-to-cart=10971
,"₨1,850.00",,https://ziaulquran.com/shop/page/32/?add-to-cart=10972
,"₨2,350.00",,https://ziaulquran.com/shop/page/32/?add-to-cart=10973
,"₨2,350.00",,https://ziaulquran.com/shop/page/32/?add-to-cart=10974
,"₨1,400.00",,https://ziaulquran.com/shop/page/32/?add-to-cart=10975
,"₨1,375.00",,https://ziaulquran.com/shop/page/32/?add-to-cart=10976
,"₨8,990.00",,https://ziaulquran.com/shop/page/32/?add-to-cart=9161
,"₨16,500.00",,https://ziaulquran.com/shop/page/32/?add-to-cart=9151
,"₨9,800.00",,https://ziaulquran.com/shop/page/32/?add-to-cart=9149
,"₨5,135.00",,https://ziaulquran.com/shop/page/32/?add-to-cart=10978
,"₨3,595.00",,https://ziaulquran.com/shop/page/32/?add-to-cart=9154
,,,https://ziaulquran.com/product/quran-majeed-in-15-lines-without-translation/
,,,https://ziaulquran.com/product/16919/
,,,https://ziaulquran.com/product/quran-majeed-in-12-lines/
,"₨16,000.00",,https://ziaulquran.com/shop/page/33/?add-to-cart=9148
,₨375.00,,https://ziaulquran.com/shop/page/33/?add-to-cart=10979
,"₨20,900.00",,https://ziaulquran.com/shop/page/33/?add-to-cart=10980
,₨200.00,,https://ziaulquran.com/shop/page/33/?add-to-cart=10981
,₨325.00,,https://ziaulquran.com/shop/page/33/?add-to-cart=10983
,₨250.00,,https://ziaulquran.com/shop/page/33/?add-to-cart=10986
,₨475.00,,https://ziaulquran.com/shop/page/33/?add-to-cart=10987
,₨350.00,,https://ziaulquran.com/shop/page/33/?add-to-cart=10988
,₨290.00,,https://ziaulquran.com/shop/page/33/?add-to-cart=10985
,₨90.00,,https://ziaulquran.com/shop/page/33/?add-to-cart=10989
,"₨14,000.00",,https://ziaulquran.com/shop/page/33/?add-to-cart=9164
,"₨2,000.00",,https://ziaulquran.com/shop/page/33/?add-to-cart=9155
,"₨2,000.00",,https://ziaulquran.com/shop/page/33/?add-to-cart=9157
,"₨2,000.00",,https://ziaulquran.com/shop/page/33/?add-to-cart=9158
,"₨2,000.00",,https://ziaulquran.com/shop/page/33/?add-to-cart=9159
,"₨2,000.00",,https://ziaulquran.com/shop/page/33/?add-to-cart=9160
,,,https://ziaulquran.com/product/quran-majeed-in-15-lines-without-translation/
,,,https://ziaulquran.com/product/16919/
,,,https://ziaulquran.com/product/quran-majeed-in-12-lines/
,₨400.00,,https://ziaulquran.com/shop/page/34/?add-to-cart=10990
,"₨7,435.00",,https://ziaulquran.com/shop/page/34/?add-to-cart=9145
,"₨1,475.00",,https://ziaulquran.com/shop/page/34/?add-to-cart=10993
,"₨1,540.00",,https://ziaulquran.com/shop/page/34/?add-to-cart=10994
,"₨1,475.00",,https://ziaulquran.com/shop/page/34/?add-to-cart=10995
,"₨1,475.00",,https://ziaulquran.com/shop/page/34/?add-to-cart=10996
,"₨1,600.00",,https://ziaulquran.com/shop/page/34/?add-to-cart=10997
,₨210.00,,https://ziaulquran.com/shop/page/34/?add-to-cart=10999
,₨730.00,,https://ziaulquran.com/shop/page/34/?add-to-cart=11001
,"₨2,140.00",,https://ziaulquran.com/shop/page/34/?add-to-cart=9163
,"₨1,000.00",,https://ziaulquran.com/shop/page/34/?add-to-cart=11002
,₨690.00,,https://ziaulquran.com/shop/page/34/?add-to-cart=9003
,₨885.00,,https://ziaulquran.com/shop/page/34/?add-to-cart=9006
,"₨1,075.00",,https://ziaulquran.com/shop/page/34/?add-to-cart=9008
,₨600.00,,https://ziaulquran.com/shop/page/34/?add-to-cart=9013
,₨630.00,,https://ziaulquran.com/shop/page/34/?add-to-cart=9015
,,,https://ziaulquran.com/product/quran-majeed-in-15-lines-without-translation/
,,,https://ziaulquran.com/product/16919/
,,,https://ziaulquran.com/product/quran-majeed-in-12-lines/
,"₨1,250.00",,https://ziaulquran.com/shop/page/35/?add-to-cart=9017
,₨970.00,,https://ziaulquran.com/shop/page/35/?add-to-cart=9027
,₨845.00,,https://ziaulquran.com/shop/page/35/?add-to-cart=9029
,"₨1,350.00",,https://ziaulquran.com/shop/page/35/?add-to-cart=9391
,₨400.00,,https://ziaulquran.com/shop/page/35/?add-to-cart=11004
,₨640.00,,https://ziaulquran.com/shop/page/35/?add-to-cart=11006
,₨80.00,,https://ziaulquran.com/shop/page/35/?add-to-cart=11008
,₨65.00,,https://ziaulquran.com/shop/page/35/?add-to-cart=11009
,₨280.00,,https://ziaulquran.com/shop/page/35/?add-to-cart=11010
,₨230.00,,https://ziaulquran.com/shop/page/35/?add-to-cart=11011
,₨45.00,,https://ziaulquran.com/shop/page/35/?add-to-cart=11012
,"₨1,630.00",,https://ziaulquran.com/shop/page/35/?add-to-cart=11013
,"₨1,000.00",,https://ziaulquran.com/shop/page/35/?add-to-cart=11014
,₨220.00,,https://ziaulquran.com/shop/page/35/?add-to-cart=11016
,₨140.00,,https://ziaulquran.com/shop/page/35/?add-to-cart=11021
,₨325.00,,https://ziaulquran.com/shop/page/35/?add-to-cart=11023
,,,https://ziaulquran.com/product/quran-majeed-in-15-lines-without-translation/
,,,https://ziaulquran.com/product/16919/
,,,https://ziaulquran.com/product/quran-majeed-in-12-lines/
,₨340.00,,https://ziaulquran.com/shop/page/36/?add-to-cart=11025
,₨430.00,,https://ziaulquran.com/shop/page/36/?add-to-cart=11027
,₨250.00,,https://ziaulquran.com/shop/page/36/?add-to-cart=11029
,₨250.00,,https://ziaulquran.com/shop/page/36/?add-to-cart=11030
,₨540.00,,https://ziaulquran.com/shop/page/36/?add-to-cart=11032
,₨500.00,,https://ziaulquran.com/shop/page/36/?add-to-cart=11034
,₨150.00,,https://ziaulquran.com/shop/page/36/?add-to-cart=11036
,"₨1,890.00",,https://ziaulquran.com/shop/page/36/?add-to-cart=9090
,₨770.00,,https://ziaulquran.com/shop/page/36/?add-to-cart=11149
,₨340.00,,https://ziaulquran.com/shop/page/36/?add-to-cart=11134
,₨65.00,,https://ziaulquran.com/shop/page/36/?add-to-cart=11159
,₨150.00,,https://ziaulquran.com/shop/page/36/?add-to-cart=11152
,"₨1,150.00",,https://ziaulquran.com/shop/page/36/?add-to-cart=11118
,"₨4,000.00",,https://ziaulquran.com/shop/page/36/?add-to-cart=11121
,₨120.00,,https://ziaulquran.com/shop/page/36/?add-to-cart=11154
,₨450.00,,https://ziaulquran.com/shop/page/36/?add-to-cart=11138
,,,https://ziaulquran.com/product/quran-majeed-in-15-lines-without-translation/
,,,https://ziaulquran.com/product/16919/
,,,https://ziaulquran.com/product/quran-majeed-in-12-lines/
,₨40.00,,https://ziaulquran.com/shop/page/37/?add-to-cart=11039
,₨55.00,,https://ziaulquran.com/shop/page/37/?add-to-cart=11041
,₨970.00,,https://ziaulquran.com/shop/page/37/?add-to-cart=11044
,₨190.00,,https://ziaulquran.com/shop/page/37/?add-to-cart=11046
,₨160.00,,https://ziaulquran.com/shop/page/37/?add-to-cart=11048
,₨325.00,,https://ziaulquran.com/shop/page/37/?add-to-cart=11050
,₨850.00,,https://ziaulquran.com/shop/page/37/?add-to-cart=11052
,₨130.00,,https://ziaulquran.com/shop/page/37/?add-to-cart=11055
,₨210.00,,https://ziaulquran.com/shop/page/37/?add-to-cart=11057
,₨140.00,,https://ziaulquran.com/shop/page/37/?add-to-cart=11058
,₨340.00,,https://ziaulquran.com/shop/page/37/?add-to-cart=11061
,₨75.00,,https://ziaulquran.com/shop/page/37/?add-to-cart=11064
,₨90.00,,https://ziaulquran.com/shop/page/37/?add-to-cart=9286
,₨165.00,,https://ziaulquran.com/shop/page/37/?add-to-cart=9287
,₨78.00,,https://ziaulquran.com/shop/page/37/?add-to-cart=9288
,₨450.00,,https://ziaulquran.com/shop/page/37/?add-to-cart=11066
,,,https://ziaulquran.com/product/quran-majeed-in-15-lines-without-translation/
,,,https://ziaulquran.com/product/16919/
,,,https://ziaulquran.com/product/quran-majeed-in-12-lines/
,₨680.00,,https://ziaulquran.com/shop/page/38/?add-to-cart=11068
,"₨4,200.00",,https://ziaulquran.com/shop/page/38/?add-to-cart=11069
,₨800.00,,https://ziaulquran.com/shop/page/38/?add-to-cart=11070
,₨350.00,,https://ziaulquran.com/shop/page/38/?add-to-cart=11073
,₨150.00,,https://ziaulquran.com/shop/page/38/?add-to-cart=11075
,"₨2,000.00",,https://ziaulquran.com/shop/page/38/?add-to-cart=11077
,"₨1,100.00",,https://ziaulquran.com/shop/page/38/?add-to-cart=11078
,₨190.00,,https://ziaulquran.com/shop/page/38/?add-to-cart=11080
,"₨1,270.00",,https://ziaulquran.com/shop/page/38/?add-to-cart=11081
,"₨1,390.00",,https://ziaulquran.com/shop/page/38/?add-to-cart=11082
,"₨15,000.00",,https://ziaulquran.com/shop/page/38/?add-to-cart=11083
,"₨1,700.00",,https://ziaulquran.com/shop/page/38/?add-to-cart=16440
,"₨1,700.00",,https://ziaulquran.com/shop/page/38/?add-to-cart=11084
,"₨2,000.00",,https://ziaulquran.com/shop/page/38/?add-to-cart=11085
,"₨2,175.00",,https://ziaulquran.com/shop/page/38/?add-to-cart=11086
,"₨2,675.00",,https://ziaulquran.com/shop/page/38/?add-to-cart=11087
,,,https://ziaulquran.com/product/quran-majeed-in-15-lines-without-translation/
,,,https://ziaulquran.com/product/16919/
,,,https://ziaulquran.com/product/quran-majeed-in-12-lines/
,"₨2,880.00",,https://ziaulquran.com/shop/page/39/?add-to-cart=11088
,"₨2,125.00",,https://ziaulquran.com/shop/page/39/?add-to-cart=11089
,"₨2,000.00",,https://ziaulquran.com/shop/page/39/?add-to-cart=11090
,"₨1,320.00",,https://ziaulquran.com/shop/page/39/?add-to-cart=11092
,₨700.00,,https://ziaulquran.com/shop/page/39/?add-to-cart=11094
,"₨1,600.00",,https://ziaulquran.com/shop/page/39/?add-to-cart=11160
,,,https://ziaulquran.com/product/quran-majeed-in-15-lines-without-translation/
,,,https://ziaulquran.com/product/16919/
,,,https://ziaulquran.com/product/quran-majeed-in-12-lines/
